feature,importance
Title_Master,1.541546977226789
Title_Mr,1.4281120488476733
Sex_male,1.3347198222880938
TicketPrefix_SWPP,1.3067319891646418
TicketPrefix_STONO,1.1171117678288351
Title_Rare,0.9175773318802222
FamilySizeGroup_Small,0.8491249057601985
TicketPrefix_SOPP,0.8222527222502353
TicketPrefix_WC,0.7926634856103779
FamilySizeGroup_Large,0.7707485421200327
AgeBand_Child,0.7194677082325217
TicketPrefix_LINE,0.7007967745883678
Title_Mrs,0.6960240151586097
TicketPrefix_C,0.6582962343287921
HasCabin_Yes,0.5898024927338499
